City,Lat,Lon
The Hague,52.0767,4.2986
Amsterdam,52.37275979909294,4.893604099999999
Utrecht,52.0908,5.1222
Rotterdam,51.9225,4.4792
Eindhoven,51.43926479918078,5.478632999999999
Almere,52.36570979909325,5.2210432
Groningen,53.21906519909767,6.5680077
Breda,51.58878449916103,4.776023699999999
Apeldoorn,52.21564569910145,5.963948499999999
Haarlem,52.388531699092255,4.6388048
Zaanstad,52.4697,4.7767
Arnhem,51.98425699911883,5.910857299999999
’s-Hertogenbosch,51.6833,5.3167
Leeuwarden,53.2,5.7833
Maastricht,50.8483,5.6889
Zwolle,52.5125,6.0944
Alphen aan den Rijn,52.13433689910688,4.656135699999999
Emmen,52.78893699908421,6.893900099999999
Delft,52.01140169911648,4.358389999999999
Deventer,52.25322719909916,6.158472499999999
Hilversum,52.22413749910091,5.1719396
Heerlen,50.88767349926931,5.9773285
Purmerend,52.50247889908804,4.9614827
Lelystad,52.5167,5.4833
Roosendaal,51.53314839916815,4.4561276
Spijkenisse,51.84648809913179,4.328768099999999
Ede,52.045826499113645,5.670201099999999
Gouda,52.01149219911648,4.710609399999999
Zaandam,52.4417,4.8422
Bergen op Zoom,51.49582649917307,4.2871293
Capelle aan den IJssel,51.93475209912325,4.579397
Veenendaal,52.02598139911528,5.5539239
Katwijk,52.2005077991024,4.414637199999999
Zeist,52.0833,5.2333
Nieuwegein,52.0367151991144,5.0836117
Assen,52.99535379908772,6.560553
Hardenberg,52.57547059908615,6.618824199999999
Barneveld,52.14247899910632,5.5866392
Roermond,51.1933,5.9872
Heerhugowaard,52.66314839908468,4.8326672
Oosterhout,51.64472149915415,4.8608337
Den Helder,52.9579759990867,4.760278999999999
Hoogeveen,52.72023929908422,6.4759313
Kampen,52.5559483990866,5.9033303
Woerden,52.0858,4.8833
Houten,52.02712299911518,5.161824099999999
Sittard,50.9974234992499,5.866662699999999
IJmuiden,52.45742359908953,4.611198099999999
Middelburg,51.4997,3.6136
Harderwijk,52.34906929909405,5.618932999999999
Zutphen,52.14,6.195
Ridderkerk,51.8714811991293,4.599977799999999
Kerkrade,50.86549239927333,6.063202199999999
Veldhoven,51.4190690991836,5.4045572
Medemblik,52.76869099908417,5.106195
Zwijndrecht,51.824,4.6126
Vlissingen,51.44809289917955,3.5697992
Rheden,52.00438359911711,6.030280599999999
Etten-Leur,51.56920649916351,4.6360813
Zevenaar,51.9167,6.0833
Venray,51.52702579916895,5.9753635
Noordwijk,52.24108559909988,4.4461969
Tiel,51.887433299127736,5.4372681
Uden,51.65908879915244,5.614860499999999
Huizen,52.29581219909676,5.2567209
Beverwijk,52.48763709908848,4.6603502
Wijchen,51.80999829913555,5.7362233
Dronten,52.52366079908742,5.7160381
Hellevoetsluis,51.83392099913308,4.1436739
Maarssen,52.1384845991066,5.040082
Leidschendam,52.086165399110456,4.3946774
Heemskerk,52.51043309908781,4.672353599999999
Veghel,51.61346359915796,5.544645499999999
Goes,51.5031032991721,3.8897596
Venlo,51.37,6.1681
Landgraaf,50.90808449926564,6.0264604
Teijlingen,52.215,4.5103
Geleen,50.96733219925514,5.8277007
Hellendoorn,52.3885,6.4497
Castricum,52.54967389908671,4.6696185
Gorinchem,51.829613299133534,4.9738743
IJsselstein,52.02463809911538,5.0458792
Sneek,53.03354799908896,5.6611029
Tynaarlo,53.0833,6.6
Maassluis,51.92199169912447,4.2541194
Bussum,52.277420699097775,5.162746499999999
Deurne,51.46385349917741,5.7946304
Oldenzaal,52.31166159909592,6.9241615
Aalsmeer,52.26694419909836,4.749338400000001
Rosmalen,51.71857919914554,5.3617341
Lonneker,52.2506,6.9119
Hendrik-Ido-Ambacht,51.84388929913207,4.635647
Valkenswaard,51.35068799919338,5.4594497
Boxtel,51.5937109991604,5.327826299999999
Leusden,52.130354999107176,5.4286989
Bergen,52.67022779908461,4.701161599999999
Heesch,51.73518999914367,5.5266331
Oosterend,53.0036,6.0664
Krimpen aan den IJssel,51.914402999125166,4.588788899999999
Diemen,52.34214889909438,4.960824999999999
Boxmeer,51.64864829915369,5.945097199999999
Sint-Michielsgestel,51.6433,5.3586
Winterswijk,51.97464319911964,6.722418499999999
Culemborg,51.95735039912121,5.2253042
Heerenveen,52.95682459908666,5.927005199999999
Geldrop,51.4226683991831,5.560754599999999
Brunssum,50.9431107992594,5.9705675
Langedijk,52.6936,4.7944
Zaltbommel,51.8,5.25
Heemstede,52.35293619909387,4.6215374
Drimmelen,51.6944,4.7972
Leiderdorp,52.161795199104965,4.5340923
Aalten,51.92859629912383,6.5810265
Werkendam,51.80792269913578,4.898734599999999
Ermelo,52.300087999096526,5.6231259
Rijssen,52.30802759909613,6.521300399999999
Wassenaar,52.14257789910631,4.4012224
Oisterwijk,51.5778741991624,5.193810099999999
Dongen,51.62473839915659,4.9366784
Beuningen,51.858661099130586,5.767357
Veenoord,52.9875,6.2914
Duiven,51.94958589912191,6.024594
Sliedrecht,51.82509389913399,4.7741716
Stein,50.96943809925475,5.766971299999999
Cuijk,51.72993899914424,5.8800458
Oegstgeest,52.18543299910338,4.473885599999999
Oud-Beijerland,51.82515849913398,4.4179182
Putten,52.260857099098736,5.6101591
Goirle,51.52395849916936,5.0661977
Schijndel,51.6183,5.4364
Oldebroek,52.4667,5.9167
Heiloo,52.60164909908562,4.711926599999999
Loon op Zand,51.6275,5.0758
Borne,52.30182869909645,6.750239499999999
Steenwijk,52.78955019908424,6.121047699999999
Hoensbroek,50.92393969926282,5.929386199999999
Losser,52.26203689909866,7.0046452
Beek en Donk,51.5161,5.6208
Zeewolde,52.3333,5.5167
Oud-Zuilen,52.1272,5.0694
Woensdrecht,51.43,4.305
Nieuwerkerk aan den IJssel,51.96752839912029,4.611677599999999
Zundert,51.4703,4.66
Geertruidenberg,51.7008,4.8603
Tubbergen,52.40810839909143,6.7818694
Leerdam,51.895137299127,5.091460299999999
Winschoten,53.14299569909354,7.0381231
Urk,52.66545149908466,5.5987894
Poortugaal,51.8553,4.3967
Cranendonck,51.2853,5.5881
Bladel,51.3667,5.2167
Rhenen,51.9608760991209,5.5722196
Wisch,51.9333,6.3167
Vriezenveen,52.4086696990914,6.6148049
Helden,51.3167,6.0
Tegelen,51.3422,6.1364
Someren,51.38588869918832,5.7133677
Echt,51.1058,5.8706
Lichtenvoorde,51.989057699118405,6.571694399999999
Eersel,51.3572,5.3147
Meerssen,50.8858,5.7519
Zuidhorn,53.2468,6.4077
Groesbeek,51.77410219913937,5.9305385
Edam,52.51191159908775,5.056284499999999
Druten,51.88607289912788,5.602962
Oirschot,51.5032384991721,5.3155486
Bergeijk,51.3203,5.3592
Drunen,51.68607669914925,5.131389599999999
Bemmel,51.8917,5.8958
Elst,51.9156,5.8378
Hardinxveld-Giessendam,51.83,4.87
Middelharnis,51.7535,4.1647
Bodegraven,52.08343469911067,4.7510872
Sint-Oedenrode,51.56464339916408,5.4610004
Ommen,52.520802299087485,6.4251941
Naarden,52.2953,5.1622
Waalre,51.3867,5.4456
Gennep,51.695083899148216,5.973454899999999
Zandvoort,52.3667,4.5333
Staphorst,52.64727599908487,6.2074792
Son en Breugel,51.51731359917021,5.500838
Asten,51.40409099918569,5.745868799999999
Kralingse Veer,51.9249,4.5071
Didam,51.9333,6.1333
Heumen,51.7656,5.8433
Eibergen,52.10326849910917,6.6511683
Harenkarspel,52.7344,4.7706
Beek,50.9394,5.7961
Vlijmen,51.6942629991483,5.2091225
Zevenbergen,51.6453,4.5997
Harlingen,53.175210299095184,5.414199799999999
Huissen,51.93835019912295,5.939376899999999
Hilvarenbeek,51.48629239917435,5.137998399999999
Bunnik,52.0672,5.1969
Den Ham,52.465,6.4942
Boskoop,52.0742347991114,4.6631166
Westervoort,51.96158999912083,5.98026
IJsselmuiden,52.5647,5.9275
Sassenheim,52.2258,4.5225
Rijnsburg,52.1897,4.4408
Rozenburg,51.9058,4.2486
Breukelen,52.1725,4.9986
Lopik,51.9722,4.9464
Scheemda,53.1667,6.9667
Gorssel,52.2,6.2
Haaren,51.6017,5.2228
Beilen,52.86113949908484,6.5122831
Maasbracht,51.15,5.8833
Raamsdonk,51.6878,4.9081
Winsum,53.328333499104886,6.516277299999999
Uitgeest,52.5292,4.7103
Beesel,51.2669,6.0392
Valburg,51.9111,5.7892
Margraten,50.8225,5.8203
Reeuwijk,52.0481,4.7203
Maasbree,51.35,6.05
Bergschenhoek,51.98,4.5
Woudenberg,52.0806,5.4164
Odoorn,52.8508,6.8481
Mijdrecht,52.206018099102046,4.8648168
Schinnen,50.9428,5.8894
Borger,52.92401509908591,6.7943868
Kapelle,51.5,3.95
Franeker,53.188656399095926,5.5414628
Halsteren,51.5256,4.2747
Wieringerwerf,52.85,5.03
Grave,51.7592,5.7383
Neerijnen,51.8333,5.2833
Dokkum,53.32250799910446,6.000988699999999
Goor,52.2321561991004,6.580900399999999
Axel,51.2656,3.9089
Hattem,52.47731759908883,6.0560015
Heythuysen,51.2496,5.8983
Oosterbroek,53.1299,6.8738
Budel,51.2725,5.5744
Schoonhoven,51.94639839912222,4.8516431
Opmeer,52.7033,4.9444
Ubach over Worms,50.9158,6.0517
Sint Anthonis,51.6258,5.8811
Eijsden,50.77826859928948,5.707533699999999
Wormer,52.4972,4.8089
Hazerswoude-Dorp,52.1,4.5833
Zierikzee,51.6497,3.9164
Ulrum,53.3589,6.3331
Zelhem,52.0067,6.3486
Blaricum,52.2728,5.2422
Laren,52.25658939909896,5.2251925
Doesburg,52.01396049911628,6.1393699
Doornspijk,52.4192,5.8161
Schipluiden,51.9833,4.3167
Neede,52.1333,6.6167
Diepenveen,52.2894,6.15
Boekel,51.6011,5.6742
Borculo,52.11487079910832,6.518123799999999
Monnickendam,52.45707659908953,5.037321399999999
Bleiswijk,52.01,4.54
Prinsenbeek,51.5981,4.7136
Doorn,52.0333,5.35
Vaals,50.77101569929085,6.019048999999999
Haelen,51.2358,5.9547
Nieuwenhagen,50.9039,6.04
Bolsward,53.06201779908998,5.5228964
Scherpenzeel,52.0667,5.4833
Vlist,51.9867,4.7889
Oostzaan,52.4406,4.8789
Liesveld,51.9156,4.8456
Vries,53.0733,6.5769
Heteren,51.9575,5.755
Wamel,51.88,5.4692
Nieuw-Lekkerland,51.8833,4.6833
Hoek van Holland,51.9763,4.1323
Ubbergen,51.8333,5.9167
Olst,52.3378,6.1108
Weerselo,52.3519,6.8572
Smilde,52.9486,6.4483
Nieuwleusen,52.5833,6.2833
Ter Aar,52.1667,4.7167
Groenlo,52.04259029911391,6.617041199999999
Eemnes,52.2539,5.2572
Heer,50.8406,5.7269
Holten,52.2814,6.4186
Abcoude,52.2719,4.9703
Wervershoof,52.7347,5.1492
Oudover,52.2,5.1333
Swalmen,51.2333,6.0333
Dinxperlo,51.8667,6.4833
Loenen,52.2419,5.0275
Vorden,52.1,6.3167
Hoevelaken,52.17571379910402,5.4577033
Hengelo,52.26587259909844,6.7924049
Zoeterwoude,52.1136,4.5058
Dirksland,51.75,4.1
Assendelft,52.4667,4.75
Steenwijkerwold,52.8036,6.0617
Heel,51.1806,5.8964
Hoeven,51.5775,4.5808
Oude Pekela,53.1073528990919,7.013686
Ouderkerk aan de Amstel,52.2972,4.9117
Elsloo,50.971,5.7541
Ruurlo,52.0833,6.45
Oostvoorne,51.9119,4.1008
Reusel,51.36254759919166,5.164985299999999
Wognum,52.6819,5.0228
Hasselt,52.59149489908581,6.0956717
Moordrecht,51.9861,4.6681
Heino,52.4358,6.2339
Harmelen,52.0894,4.9608
Venhuizen,52.6624,5.2
Wittem,50.8133,5.9122
Numansdorp,51.7331,4.4381
Schoonebeek,52.6617,6.8831
Anna Paulowna,52.86021899908484,4.8245885
Ten Boer,53.2833,6.6833
Lekkerkerk,51.8972,4.6828
Gendt,51.8769,5.9725
Markelo,52.2342,6.4953
Norg,53.0661,6.4594
Sevenum,51.4167,6.0333
Amerongen,52.0025,5.4608
Sappemeer,53.1633,6.7767
Rhoon,51.8667,4.4333
Ruinen,52.7633,6.3564
Grubbenvorst,51.4189,6.1431
Lienden,51.9467,5.5189
Baarle-Nassau,51.45,4.9333
Maasland,51.9333,4.2667
Teteringen,51.6086,4.8206
Lith,51.8042,5.4408
Oudorp,52.6331,4.7736
Klundert,51.6628,4.5289
Schoorl,52.700889899084345,4.693981899999999
Bellingwolde,53.1203,7.1719
Gramsbergen,52.6103,6.6728
Obdam,52.6743,4.8995
Andijk,52.75,5.22
Erp,51.6003,5.6053
Zevenhuizen,52.0108,4.58
Kerkwijk,51.7744,5.2194
Groot-Valkenisse,51.4889,3.5156
Rolde,52.9869,6.6461
Dussen,51.7317,4.9633
Krimpen aan de Lek,51.8931,4.6275
IJsselmonde,51.88674379912782,4.5423012
Hooge Zwaluwe,51.6989,4.7245
Maarn,52.0642,5.3731
Eygelshoven,50.8925,6.0592
Millingen aan de Rijn,51.8667,6.05
Gieten,53.003311799087975,6.763908099999999
Maurik,51.96,5.4236
Havelte,52.7739,6.2383
Bennebroek,52.3214,4.5967
Moergestel,51.55,5.1833
Meijel,51.35,5.8833
Zeeland,51.6967,5.6731
Berghem,51.77,5.5747
Puttershoek,51.8044,4.5681
Rijsbergen,51.5167,4.7
Nieuwe Pekela,53.0786,6.9642
Dalen,52.7,6.75
Westenschouwen,51.705,3.7403
Ouderkerk aan den IJssel,51.9322,4.6361
Wilnis,52.1978,4.9
Limbricht,51.0117,5.8369
Belfeld,51.31,6.1144
Bovenkarspel,52.7,5.25
Schermerhorn,52.6067,4.8511
Hoogkerk,53.2167,6.5
Renswoude,52.0739,5.5406
Nederhorst den Berg,52.2567,5.0458
Bathmen,52.25,6.2869
Warmond,52.1972,4.5017
Stompwijk,52.0944,4.4697
Velden,51.4117,6.1678
Sint Pancras,52.6631,4.7853
Arnemuiden,51.5,3.6667
Wanroij,51.6561,5.82
Peize,53.1478,6.4961
Steenderen,52.0667,6.1833
Stramproy,51.1933,5.7192
Uithuizen,53.40745209911113,6.6732041
Urmond,50.9906,5.7711
Waspik,51.6867,4.9444
Uithuizermeeden,53.4144,6.7264
Schinveld,50.9678,5.9803
Bunde,50.8958,5.7331
Muntendam,53.1336,6.8686
Midwolda,53.1928,7.0161
Oirsbeek,50.9489,5.9089
Leimuiden,52.2247,4.6717
Termunten,53.2961,7.0436
Zwartsluis,52.6419,6.0703
Koudekerk aan den Rijn,52.1347,4.6019
Linschoten,52.0628,4.9144
Helvoirt,51.6308,5.2297
Hulsberg,50.8883,5.8553
Giessenburg,51.85,4.8897
Bierum,53.3814,6.8594
Ootmarsum,52.4072,6.8994
Dodewaard,51.9103,5.6568
Roggel,51.2625,5.9269
Haastrecht,52.0003,4.7765
Stolwijk,51.9736,4.7711
Driel,51.9592,5.8131
Driebruggen,52.0433,4.7986
Berkhout,52.6419,4.9969
Ammerzoden,51.75,5.22
Den Dungen,51.6653,5.3714
Ewijk,51.8833,5.7
Gasselte,52.9719,6.7922
Klimmen,50.8764,5.8819
Kessel,51.2919,6.0533
Mijnsheerenland,51.7964,4.4831
Warmenhuizen,52.7225,4.7397
Vleuten,52.10735549910888,5.0135224
Voorhout,52.2231,4.4864
Wedde,53.0667,7.0833
Leende,51.3497,5.5525
Leens,53.3609,6.3878
Hedel,51.7467,5.2592
Hoogkarspel,52.6947,5.1778
Diessen,51.4739,5.1747
Kortgene,51.5583,3.8
Cadier en Keer,50.8283,5.7678
Delden,52.2625,6.7111
Clinge,51.2706,4.0881
Linne,51.1542,5.9392
Wissekerke,51.5014,3.8454
Barsingerhorn,52.7853,4.8417
Putte,51.3506,4.3978
Spaubeek,50.9378,5.8414
Sommelsdijk,51.7547,4.1531
Klein Mariekerke,51.5281,3.5314
Klaaswaal,51.7694,4.4453
Westerblokker,52.6644,5.1061
Benthuizen,52.0761,4.5447
Oud-Vroenhoven,50.8478,5.6514
Zaamslag,51.3125,3.9131
Wijk en Aalburg,51.7542,5.1306
Chaam,51.5044,4.8614
Beesd,51.8875,5.1911
Neer,51.2614,5.9917
Veur,52.0833,4.4333
Vledder,52.8556,6.2103
Diever,52.8556,6.3175
Sint Odiliënberg,51.1425,6.0017
Muiden,52.3292,5.0714
Herten,51.1803,5.9633
Zuid-Beijerland,51.7514,4.3678
Moerkapelle,52.0456,4.5753
Koudekerke,51.4808,3.5528
Willemstad,51.6919,4.4378
Amstenrade,50.9383,5.9222
Meerlo,51.5119,6.0856
Hoogwoud,52.7153,4.9367
Ooltgensplaat,51.6825,4.3492
Dreumel,51.8492,5.4325
Overasselt,51.7597,5.7875
Rossum,51.8008,5.3356
Oude-Tonge,51.6914,4.2128
Maasdam,51.7881,4.5561
Kortenhoef,52.2397,5.1147
Amby,50.8667,5.7333
Dinther,51.645,5.4864
Meerkerk,51.92,4.9942
IJzendijke,51.3214,3.6164
Eenrum,53.3625,6.4606
Oudshoorn,52.1333,4.6667
Geulle,50.9225,5.7503
Deil,51.8842,5.2442
Haps,51.6886,5.8608
Kockengen,52.1517,4.9522
Koedijk,52.675,4.7483
Zwammerdam,52.1058,4.7272
Nieuw-Beijerland,51.8119,4.3425
Luyksgestel,51.29,5.3239
Zevenhoven,52.1825,4.7789
Dieren,52.0521,6.0974
Grathem,51.1925,5.8578
Nijeveen,52.7328,6.1675
Standdaarbuiten,51.6122,4.5144
Zweeloo,52.7936,6.7303
Middelstum,53.35,6.65
Ameide,51.9539,4.9625
Buurmalsen,51.8928,5.2925
Koewacht,51.2333,3.9667
Broek in Waterland,52.4342,4.9958
Hallum,53.3064,5.7856
Berlicum,51.6772,5.4
Gouderak,51.9842,4.6767
Buren,51.9108,5.3336
Asperen,51.8814,5.1067
Callantsoog,52.8372,4.6967
Grevenbicht,51.0417,5.7728
Giethoorn,52.7397,6.0775
Udenhout,51.6094,5.1403
Thorn,51.1667,5.8333
Oldehove,53.3025,6.3928
Nieuwendam,52.3915,4.9341
Vlodrop,51.1333,6.0739
Capelle,51.6922,4.9853
Varsseveld,51.9433,6.4594
Wemeldinge,51.5175,3.9956
Groede,51.3789,3.5069
Nieuw-Helvoet,51.8381,4.1297
Maarsseveen,52.1408,5.0736
Bergharen,51.85,5.6689
Heeswijk,51.6514,5.4672
Baexem,51.2244,5.88
Stedum,53.3225,6.6958
Cothen,51.9961,5.3097
Streefkerk,51.8994,4.7419
Loppersum,53.3317,6.7469
Stoutenburg,52.1539,5.4325
Herwijnen,51.8253,5.1303
Broek op Langedijk,52.6725,4.8056
Geervliet,51.8611,4.2622
Avenhorn,52.62,4.9542
Ursem,52.6272,4.8917
Sambeek,51.6361,5.9661
Oldekerk,53.2194,6.3389
Nieuwolda,53.2447,6.9758
Kantens,53.3656,6.6339
Pannerden,51.89,6.0378
Spanbroek,52.6981,4.9608
Nieuw-Vossemeer,51.5897,4.2181
Winkel,52.7519,4.9036
Nieuwe-Tonge,51.715,4.1653
Ezinge,53.3092,6.4431
Sint Maarten,52.7717,4.7475
Wadenoijen,51.8736,5.3722
Huijbergen,51.4325,4.3744
Westmaas,51.7833,4.4667
Geesteren,52.1389,6.5264
Tricht,51.89,5.2725
Waardenburg,51.8322,5.2558
Vaassen,52.29017159909705,5.968672799999999
Nederlangbroek,52.0122,5.3269
Nieuwe-Niedorp,52.738,4.8962
Melissant,51.7681,4.0761
Ransdorp,52.3931,4.9942
Riethoven,51.3536,5.3864
De Rijp,52.5569,4.8453
Meeden,53.1389,6.9275
Noord-Scharwoude,52.7006,4.8103
Op-Andel,51.7839,5.0539
Schalkwijk,51.9939,5.1872
Oud-Alblas,51.8569,4.7047
Usquert,53.4028,6.6128
Neeritter,51.1644,5.8036
Stellendam,51.8047,4.0242
Stavenisse,51.5861,4.0122
Esch,51.6103,5.2906
Den Bommel,51.7153,4.285
Zegveld,52.1161,4.8347
Hegelsom,51.44,6.0375
Broekhuizen,51.4853,6.1633
Everdingen,51.9647,5.1564
Merkelbeek,50.9542,5.9403
Oudkarspel,52.7114,4.8017
Vierpolders,51.8783,4.1794
Nieuwenhoorn,51.85457449913098,4.1438594
Mheer,50.7828,5.7931
Stoppeldijkveer,51.3219,3.9856
Zuidland,51.8219,4.2581
Buiksloot,52.3989,4.9221
Herpen,51.7717,5.6417
Grootebroek,52.6989,5.2189
Wanneperveen,52.7044,6.1206
Westwoud,52.6864,5.1333
Zuid-Scharwoude,52.6842,4.8081
Beltrum,52.0689,6.5658
Goudswaard,51.7936,4.2783
Besoijen,51.6833,5.05
Baardwijk,51.6919,5.0956
Rozendaal,52.0,5.9667
Harfsen,52.2075,6.2972
Jaarsveld,51.9694,4.9772
Blokzijl,52.7264,5.9617
Graft,52.5608,4.8339
Veere,51.55,3.6667
Terborg,51.9203,6.3575
Engelen,51.72080649914529,5.2696273
Borssele,51.4231,3.7353
Oude-Niedorp,52.7178,4.8719
Stevensweert,51.1292,5.8483
Werkhoven,52.0239,5.2431
Schin op Geul,50.8542,5.8694
Veen,51.7769,5.1097
Boven-Leeuwen,51.8842,5.5294
Colijnsplaat,51.5986,3.8481
Aagtekerke,51.5464,3.5094
Domburg,51.5625,3.4964
Noordeloos,51.9042,4.9417
Oosterbeek,51.98844889911847,5.8420484
Oudenhoorn,51.8269,4.1917
Bredevoort,51.95,6.6167
Ochten,51.9078,5.5678
Gronsveld,50.8086,5.73
Opperdoes,52.7597,5.0781
Abbekerk,52.7308,5.0175
Sint Geertruid,50.7964,5.7656
Wieringerwaard,52.84,4.8678
Nieuwkuijk,51.6936,5.1806
Hoornaar,51.8767,4.9469
Nijbroek,52.2928,6.0625
Berkenwoude,51.9453,4.7089
Schoonrewoerd,51.9206,5.1158
Midwoud,52.7178,5.0736
Velp,51.995867099117824,5.9751252
Horssen,51.8556,5.6086
Wanssum,51.5358,6.0753
Piershil,51.7933,4.3147
Hoogblokland,51.8742,4.975
Hedikhuizen,51.7356,5.1839
Herveld,51.8989,5.7475
Vreeland,52.2297,5.0311
Zwartewaal,51.8833,4.2208
Varik,51.8233,5.3692
Garderen,52.2331,5.7139
Schimmert,50.9056,5.8219
Brouwershaven,51.7264,3.9142
Lunteren,52.0872,5.6219
Stad aan ’t Haringvliet,51.7392,4.2419
Wijdewormer,52.5002,4.8924
Vinkeveen,52.2128,4.9272
Oudenrijn,52.0819,5.06
Rijswijk,52.04462649911375,4.318821499999999
Zes Gehuchten,51.4211,5.5378
Rijnsaterwoude,52.1986,4.6694
Netterden,51.8544,6.3142
Etten,51.9167,6.3364
Eede,51.2467,3.4436
Kattendijke,51.5228,3.9433
Posterholt,51.1219,6.0378
Leerbroek,51.9089,5.0514
Oosthuizen,52.5708,4.9958
Rijsenburg,52.0436,5.2531
Nigtevecht,52.2742,5.0278
Hoogvliet,51.86528549912992,4.3641111
Wilp,52.2186,6.1497
Kedichem,51.86,5.0503
Nieuwpoort,51.9347,4.8681
Giessen,51.7886,5.0328
Zuilichem,51.8086,5.1344
Ophemert,51.8453,5.3842
Voorthuizen,52.18716479910327,5.6071994
Groot-Ammers,51.9236,4.8206
Staveren,52.8833,5.3583
Bleskensgraaf,51.8719,4.7828
Hooge Mierde,51.3986,5.1409
Heerewaarden,51.8178,5.3917
Genderen,51.7353,5.0878
Noorbeek,50.7681,5.8131
Polsbroek,51.9781,4.8519
Brandwijk,51.8886,4.8136
Hekelingen,51.8267,4.3422
Westkapelle,51.5293,3.4409
Nieuwerkerke,51.7,3.8903
Schelluinen,51.8425,4.9258
Zuidzande,51.3411,3.4519
Odijk,52.0503,5.2333
Oud-Heusden,51.7231,5.1361
Ankeveen,52.2653,5.0989
Willeskop,52.0242,4.9014
Herkingen,51.71,4.0872
Zonnemaire,51.7125,3.9508
Nederhemert,51.7652,5.1682
Lent,51.8631,5.8667
Twello,52.23563689910021,6.1042772
Kerkbuurt,52.4581,5.1067
Barwoutswaarder,52.0825,4.8636
Goudriaan,51.9028,4.8881
Oranjestad,17.4833,-62.9833
Waarder,52.0614,4.8225
Doorwerth,51.9781,5.7953
Reek,51.7447,5.6831
Jisp,52.5,4.8333
Twisk,52.7403,5.0517
Zuiddorpe,51.2342,3.9017
Groote Lindt,51.8106,4.6289
Schore,51.4625,3.9989
Molenaarsgraaf,51.8767,4.8231
Oterleek,52.6333,4.8417
Lierop,51.4178,5.6819
Dalem,51.8278,5.0094
Schiermonnikoog,53.4892,6.2022
Veessen,52.3761,6.0892
Middelie,52.5322,5.0172
Grijpskerke,51.5339,3.5617
Rilland,51.4164,4.1808
Ossenisse,51.3883,3.9778
Broeksittard,51.0,5.8833
Sloten,52.8944,5.6453
Achttienhoven,52.1483,5.1389
Ottoland,51.8931,4.8756
Bennekom,52.00159469911733,5.6756511
Noordgouwe,51.6936,3.9386
Veldhuizen,52.0764,5.0075
Hall,52.11,6.1014
Hekendorp,52.0153,4.8092
Sluipwijk,52.0553,4.7419
Snelrewaard,52.0331,4.9169
Schellinkhout,52.6342,5.1203
Oudelande,51.4083,3.8536
Rietveld,52.0897,4.8511
Ellewoutsdijk,51.3903,3.8158
Buggenum,51.2314,5.9825
Jabeek,50.9808,5.9417
Meliskerke,51.5153,3.5119
Lithoijen,51.8025,5.4633
Grafhorst,52.5825,5.9339
Hoenkoop,52.0153,4.8092
Sint Kruis,51.2731,3.4997
Winssen,51.8833,5.7
Batenburg,51.8233,5.6278
Loenersloot,52.2297,5.0014
Vlierden,51.4456,5.7581
Opijnen,51.8278,5.2983
Waterlandkerkje,51.3175,3.5539
Slenaken,50.7678,5.8622
Wijngaarden,51.8444,4.7611
Gassel,51.7403,5.7803
Maasbommel,51.8208,5.5364
Borgharen,50.8781,5.6883
Spaarnwoude,52.4039,4.6942
Heukelum,51.8731,5.0767
Dommelen,51.3569,5.4306
Otterlo,52.1,5.7833
Bruchem,51.7853,5.2367
Hurwenen,51.8106,5.3178
Elkerzee,51.725,3.8436
Zuidveen,52.7769,6.1083
IJzendoorn,51.9064,5.5331
Hernen,51.8331,5.6806
Herpt,51.7333,5.15
Verwolde,52.2006,6.3919
Ellemeet,51.7297,3.8164
Haarzuilens,52.1214,4.9964
Montfort,51.1261,5.9486
Blankenham,52.7647,5.8964
Bommenede,51.7344,3.9789
Vrijhoeve-Capelle,51.6667,5.0333
Oost-Souburg,51.4636,3.6008
Warder,52.5641,5.0311
Tempel,51.9656,4.4461
Waverveen,52.2206,4.8961
Balgoij,51.7803,5.7139
The Bottom,17.6261,-63.2492
Deursen,51.802,5.625
Oost-Knollendam,52.5172,4.7903
Laagnieuwkoop,52.1322,4.9836
Kwadijk,52.5275,4.9811
Pieterburen,53.4,6.4531
Wieldrecht,51.7833,4.65
Sint Anthoniepolder,51.7972,4.5333
Sandelingen-Ambacht,51.8458,4.6167
Oudhuizen,52.2,4.9333
Petten,52.7678,4.6583
Spijk,51.855,5.0078
Puiflijk,51.8792,5.5903
Drongelen,51.715,5.0542
Peursum,51.85,4.9167
Rijckholt,50.7994,5.7311
Kleine-Lindt,51.8294,4.575
Rimburg,50.9169,6.0867
Grosthuizen,52.6167,4.9833
Nunhem,51.2447,5.9611
Strucht,50.85,5.8667
Ittervoort,51.1719,5.8211
Cillaarshoek,51.7706,4.5461
Strijensas,51.7158,4.5861
Mesch,50.7631,5.7328
Hoogmade,52.1692,4.5819
Haarlemmerliede,52.3881,4.6875
Oud-Wulven,52.0444,5.155
Weurt,51.8833,5.7
Hoenzadriel,51.75,5.3333
Sterkenburg,52.0223,5.2826
Zouteveen,51.95,4.3339
Katwoude,52.4694,5.0506
Bokhoven,51.7372,5.2319
Kats,51.5672,3.8856
Darthuizen,52.0125,5.3981
Stormpolder,51.9117,4.5744
Schiedam,51.9171799991249,4.4019149
Zoetermeer,52.0575,4.4931
Hoorn,52.65327199908479,5.073580199999999
Nijmegen,51.8425,5.8528
Papendrecht,51.83486949913298,4.693729299999999
Alkmaar,52.6312591990851,4.7503798
Vlaardingen,51.90759579912581,4.3399618
Barendrecht,51.85666509913077,4.5368567
Amersfoort,52.15624989910535,5.389694399999999
Voorschoten,52.12752359910739,4.4465727
Kralendijk,12.1517,-68.2761
Alblasserdam,51.8658,4.6611
Amstelveen,52.3025581990964,4.8467875
Leiden,52.1583,4.4931
Tilburg,51.5572,5.0911
Helmond,51.47909559917532,5.6557686
Volendam,52.49637589908823,5.0682736
Pijnacker,52.020058099115765,4.434186
Lisse,52.2576097990989,4.5630329
Hillegom,52.29130153158607,4.585069265829555
Dordrecht,51.79588119913704,4.6779351
Enkhuizen,52.70362819908433,5.2901222
Naaldwijk,51.99300159911807,4.2074197
Wageningen,51.97509949911964,5.663675399999999
Enschede,52.22098549910111,6.894053699999999
Almelo,52.35635849909369,6.663621899999999
Schagen,52.78823949908422,4.8044607
Soest,52.1746099991041,5.29095
Uithoorn,52.24114119909988,4.825109599999999
Best,51.50336709917208,5.3938665
Hoofddorp,52.30544679909623,4.6927278
Waddinxveen,52.04484919911371,4.6552042
Weesp,52.310284299095976,5.036374199999999
Vught,51.65682099915271,5.289330799999999
Halfweg,52.3828,4.755
Baarn,52.21115029910172,5.293091
Raamsdonksveer,51.6993,4.8792
Doetinchem,51.965519199120486,6.289109299999999
Waalwijk,51.685254399149365,5.0705122
Noordwijkerhout,52.2617,4.4931
Simpelveld,50.8339,5.9814
Bunschoten-Spakenburg,52.24520129909962,5.3731599
Nuenen,51.47430209917597,5.5490439
Bilthoven,52.12896929910728,5.2046134
Nijkerk,52.22194709910106,5.4824871
Meppel,52.6935499990844,6.19776
Kaatsheuvel,51.65980379915235,5.0319484
Oss,51.76890669913994,5.522367200000001
Overveen,52.4,4.6
De Steeg,52.0197,6.0608
Brielle,51.9016619991264,4.162629199999999
Hoogezand,53.1638191990946,6.755685199999999
Vianen,51.989012799118406,5.093716399999999
Reuver,51.285,6.0792
Appingedam,53.320356299104304,6.857765400000001
Wijk bij Duurstede,51.975185799119615,5.337435
Drachten,53.10671709909185,6.0982549
Weert,51.25313339920802,5.708582699999999
Nuth,50.9175,5.8861
Valkenburg,50.86475309927348,5.8312518
Mook,51.7525,5.8817
Nieuw-Loosdrecht,52.2019,5.1406
Malden,51.7808,5.8544
Rijen,51.590049599160885,4.918448199999999
Voerendaal,50.8825,5.9272
Landsmeer,52.42960979909056,4.9136088
Haren,53.17098409909495,6.6061413
Roelofarendsveen,52.2061,4.6361
Oudenbosch,51.58865259916106,4.5337999
Elburg,52.444977099089954,5.840389399999999
Opheusden,51.9333,5.6297
Kerkdriel,51.7711,5.3367
Veendam,53.102844299091686,6.8694863
Montfoort,52.0458,4.9528
Rucphen,51.5325,4.5583
Nieuwveen,52.1944,4.7569
Hazerswoude-Rijndijk,52.1292,4.5931
Leek,53.16323269909458,6.377119
Geffen,51.7392,5.4639
Gendringen,51.8733,6.3764
Woudrichem,51.8128,5.0003
De Goorn,52.6303,4.9444
Panningen,51.3275,5.9817
Buitenpost,53.25402329909981,6.1443119
Bergambacht,51.9328,4.7936
Lobith,51.8617,6.1181
Geldermalsen,51.87993099912847,5.287636100000001
Rockanje,51.8706,4.0689
Nijverdal,52.359430999093554,6.466514
Wierden,52.357992499093626,6.592184399999999
Made,51.6764,4.7925
Brummen,52.0833,6.15
Stiens,53.26075339910023,5.7642074
Hoogerheide,51.4239,4.3239
Oudewater,52.025,4.8681
Beek-Ubbergen,51.8292,5.9258
Gemert,51.55898329916481,5.686459199999999
Beneden-Leeuwen,51.8811,5.5178
Bedum,53.30048689910291,6.596416999999999
Heerde,52.38963229909221,6.039318099999999
Haaksbergen,52.15645809910534,6.740238999999999
Damwâld,53.29,5.9957
Horst,51.45250019917896,6.0539238
Raalte,52.38570339909236,6.2718277
Stadskanaal,52.992561799087646,6.962446599999999
Terneuzen,51.3254736991971,3.840311100000001
Burgum,53.1954806990963,5.9871063
Nunspeet,52.378570999092695,5.780886
Epe,52.348454499094096,5.9836383
Mill,51.685,5.7836
Abbenbroek,51.8486,4.2428
Kruiningen,51.4481,4.0342
Gulpen,50.8156,5.8886
Menaam,53.2158,5.6606
Delfzijl,53.33256439910523,6.9135144
Lemmer,52.84448589908464,5.709913599999999
Tholen,51.53544619916784,4.2232813
Dalfsen,52.51117209908777,6.253911
Strijen,51.7452,4.5508
Nederweert,51.2858,5.7486
Marum,53.1442,6.2678
Heinkenszand,51.473,3.8128
Lochem,52.1584709991052,6.4144888
Steenbergen,51.58591999916139,4.314575799999999
Roden,53.14053779909341,6.427519599999999
Wijhe,52.3864,6.1333
Heeze,51.3828,5.5715
Joure,52.96442859908685,5.802670899999999
Denekamp,52.37467129909286,7.0055192
Grootegast,53.2093,6.2711
Hulst,51.28229089920356,4.0532016
Beetsterzwaag,53.0611,6.0775
Grou,53.1,5.83
Coevorden,52.6612280990847,6.7407359
Sint Annaparochie,53.2764,5.6572
Middenbeemster,52.5483,4.9197
Wolvega,52.8755,5.9969
Oosterwolde,52.988977799087536,6.290779099999999
Kollum,53.279804999101486,6.148733999999999
Balk,52.8983,5.5783
Zuidwolde,52.6746,6.4247
Emmeloord,52.70910579908429,5.747745899999999
Slochteren,53.2208,6.8055
Alphen,51.483,4.9562
Wissenkerke,51.5855,3.7472
Exloo,52.8802,6.8611
Ferwert,53.3378,5.8247
Oostburg,51.32760189919677,3.4922056999999995
Stompetoren,52.6153,4.8228
Den Burg,53.0558,4.7961
Wommels,53.1088,5.5875
Sellingen,52.9464,7.1514
Ballum,53.4441,5.6876
West-Terschelling,53.3608,5.2156
Oost-Vlieland,53.2959,5.0665
Almere Buiten,52.39657589909189,5.284471599999999
Almere Haven,52.34061869909444,5.2199258
Almere Hout,52.35203719909392,5.312845499999999
Almere Pampus,52.37761949909274,5.1433564
Almere Poort,52.34945449909404,5.1514097
Almere Stad,52.37225819909296,5.217658199999999
Barger-Oosterveld,52.77277309908417,6.959066999999999
Beinum,52.00278039911724,6.1280142
Breugel,51.517472299170194,5.509280399999999
Bunschoten,52.23917429909999,5.3734101
Carnisselande,51.85456129913097,4.494691499999999
Charlois,51.88357009912812,4.4778129
Colmschate,52.24853009909944,6.2212105
Crooswijk,51.93248179912347,4.4946682
De Akkers,51.83178273125704,4.32611260540904
De Blaak,51.54677449916638,5.044247
De Hoven,52.14133449910639,6.1825093
De Noord,52.70734169908428,4.8519382
Delfshaven,51.91128416436397,4.43991294127944
Dukenburg,51.80901599913567,5.8012705
East,53.237411255291335,6.60019044104369
Empel,51.729603199144286,5.3249058
Escamp,52.04443969911376,4.2812465
Feijenoord,51.90966149912561,4.5069571
Gestel,51.417841756292034,5.4546137949294495
Glanerbrug,52.21555049910143,6.9701111
Griffensteijn,52.08088920966299,5.226328684750781
Groenendijk,51.37342999919009,4.00932
Groenewoud,51.54074109916716,5.0958072
Haagse Hout,52.09229139911,4.3304322
Heemse,52.56968469908625,6.6010757
Heerlerbaan,50.86675519927311,5.997669299999999
Heerlerheide,50.91794089926386,5.965630599999999
Hillegersberg,51.95490949912141,4.492864199999999
Hoornes-Rijnsoever,52.20709309910198,4.419212299999999
Hoornseveld,52.44802863445607,4.836806012720304
Katwijk aan Zee,52.20489779910211,4.3965975
Katwijk aan den Rijn,52.19349749910286,4.424402999999999
Kersbergen,52.08269982982237,5.233298492551575
Kraaiven,51.58541759916145,5.057035999999999
Kralingen,51.92592809912408,4.5082547
Kralingen-Crooswijk,51.92726822248245,4.516201836082761
Laak,52.06316169911225,4.321459999999999
Leidsche Rijn,52.09560399910976,5.0575472
Leidschenveen,52.06480869911213,4.4027878
Leusden-Zuid,52.119223699108,5.408009999999999
Lindenholt,51.83439101684631,5.7889425595834245
Loosduinen,52.05315649911307,4.2348285
Maarssenbroek,52.13295929910699,5.026063199999999
Malburgen,51.96702469912035,5.909998999999999
Meerstad,53.224843599098,6.6493529
Middelburg-Centrum,51.49973099917255,3.6137245
Nieuw-West,52.36377729909338,4.813812199999999
Nijmegen-Centrum,51.84574929913188,5.8639883
Nijmegen-Midden,51.82340208968826,5.840685549623493
Nijmegen-Nieuw-West,51.84335539913212,5.825234199999999
Nijmegen-Noord,51.86450461851501,5.862057617846133
Nijmegen-Oost,51.83451769833257,5.879379320280465
Nijmegen-Oud-West,51.84555656623344,5.845875799338028
Nijmegen-Zuid,51.81285459913526,5.8442359
Noord,51.93302309912342,4.472270699999999
Noordwijk aan Zee,52.2473907990995,4.4337384
Noordwijk-Binnen,52.23364449910031,4.4459861
Oerle,51.4218269991832,5.3711539
Oost,52.356607799093695,4.930577399999999
Oud-Noord,51.5668755991638,5.080771199999999
Oud-Zuid,51.549346499166056,5.080099299999999
Oude wijken,53.22705215147064,6.569066017588304
Overdiepse Polder,51.715105899145904,4.9502265
Overschie,51.94025489912276,4.4221821
Portland,51.85617159913084,4.475544499999999
Prins Alexander,51.94914689912195,4.552435999999999
Reeshof,51.58203369916189,4.9944238
Scheveningen,52.10620749910894,4.2752714
Schiebroek,51.96048319912091,4.469536
Schiphol,52.30803919909611,4.7621975
Schiphol-Rijk,52.27843389909771,4.752524099999999
Segbroek,52.07701169911119,4.267456499999999
Skipsleat,52.97403109908712,5.8054918
Smitshoek,51.85932519913052,4.482036199999999
Son,51.51765059917018,5.4881903
South,53.20079406216164,6.585687450100381
Spakenburg,52.25022499909933,5.3769961
Stratum,51.42202249918317,5.498239299999999
Strijp,51.45156486630505,5.412166479013849
's-Hertogenbosch,51.688935099148914,5.303104399999999
's-Gravenzande,52.002829399117225,4.1603759
Berkel en Rodenrijs,51.99113229911823,4.473977399999999
De Bilt,52.10970089910871,5.178705999999999
De Lier,51.97518429911961,4.247132199999999
De Meern,52.08117809911086,5.0363571
Dedemsvaart,52.59962619908565,6.459320699999999
Driebergen-Rijsenburg,52.05165469911318,5.283633199999999
Eelde,53.13461049909314,6.5633884
Gorredijk,53.005960599088034,6.064163400000001
Hook of Holland,51.97716149911945,4.1314526
Julianadorp,52.89070349908528,4.744613099999999
Klazienaveen,52.72539299908421,6.985207199999999
Middelharnis-Sommelsdijk,51.75650629914129,4.158648
Mierlo,51.44376239918016,5.6187496
Monster,52.02230279911559,4.1715344000000005
Nieuw-Vennep,52.2647523990985,4.633561699999999
Nootdorp,52.04260939911392,4.3930456
Ter Apel,52.873891799085015,7.0625019
Voorburg,52.07032009911169,4.3558561
Vroomshoop,52.45852129908946,6.5609521
Wateringen,52.02350979911548,4.274585499999999
Westerbork,52.8492167990847,6.610306699999999
Wezep,52.45791349908952,5.999542299999999
's Gravenmoer,51.6637417497813,4.94268240507026
's-Graveland,52.23831669910005,5.1217171
's-Gravendeel,51.77065783867943,4.6053828718495335
's-Gravenpolder,51.45911549917804,3.9022882
's-Heer Arendskerke,51.50013696124754,3.79248197925214
's-Heerenberg,51.874147652762296,6.241461922248673
's-Heerenhoek,51.4536143991788,3.769042899999999
't Goy,52.00343114462335,5.221104879457677
't Harde,52.39876002529291,5.877070368159359
Aalden,52.78842189908421,6.714123899999999
Aardenburg,51.28701806885418,3.448854245319689
Aarle-Rixtel,51.5138553519215,5.649413427294841
Achterveld,52.14069878989131,5.478786060779949
Achtmaal,51.45482937927407,4.5711271363573145
Aerdenhout,52.35950519909357,4.6067862
Afferden,51.88459669912803,5.6453656
Akersloot,52.5632118664406,4.73610047116973
Albergen,52.36227066187913,6.750331501101999
Almen,52.15728209910527,6.301559699999999
Almkerk,51.77115172494012,4.96978276144346
Alteveer,53.11128616591228,6.433871260333199
Amen,52.08144708891751,4.327422320780324
Angeren,51.916339999124986,5.95698
Anjum,53.385236543369736,6.143665839615227
Annen,53.05936815212552,6.738970106999649
Appelscha,52.95241779908656,6.344113600000001
Appeltern,51.83528843245424,5.572709502174533
Arkel,51.863508699130094,4.9972284
Augustinusga,53.21972908001749,6.16267549642618
Baambrugge,52.24701553987406,4.990059064686437
Babyloniënbroek,51.75170074207769,5.02563652013151
Badhoevedorp,52.3315531990949,4.7818377
Bakel,51.54077958517516,5.754273761169286
Balkbrug,52.61335423849943,6.365108292516836
Bavel,51.558005899164925,4.8243872
Beegden,51.20151959921606,5.904630199999999
Beekbergen,52.10140409910932,5.9515701
Beers,51.72166680007828,5.818710292455475
Beerzerveld,52.49331882768593,6.568238761404256
Beets,53.06639525332309,5.988404720016813
Beinsdorp,52.28783844952079,4.599734028865012
Bentveld,52.367315271104594,4.572185037398238
Berkel-Enschot,51.57702611800244,5.138919771947412
Beusichem,51.94996089912186,5.288482
Biddinghuizen,52.44078038917123,5.763367347428466
Biest-Houtakker,51.50719667499608,5.1568517407055605
Bitgum,53.23484763336823,5.685551523964072
Blauwestad,53.17591084893388,7.049823788146086
Blije,53.3554854346486,5.863554761777338
Blijham,53.11841868456226,7.078422817251069
Bloemendaal,52.38600478364435,4.5815332546427205
Blokker,52.65954409908473,5.0761742
Borgercompagnie,53.10867015604583,6.822147462018783
Bosch en Duin,52.12045636351294,5.236947592418152
Bosschenhoofd,51.56099987224103,4.546585535299401
Braamt,51.92471930888792,6.262320748596348
Brakel,51.8201258991345,5.098887999999999
Breedenbroek,51.896265808418455,6.453980167233517
Breezand,52.89062540772725,4.82039970547817
Breukeleveen,52.177165554572646,5.069683241461273
Britsum,53.2507087743113,5.797976506537346
Bruinisse,51.66517446139046,4.142223035769132
Buinen,52.95322256472479,6.925480142286205
Buitenkaag,52.21993969910116,4.5602315
Burgh-Haamstede,51.68847930061247,3.70605030302778
Cadzand,51.36633569919111,3.4109833
Castenray,51.49068233977832,6.030240911263208
Daarle,52.42772707800814,6.537920309338352
Dalmsholte,52.47019078397947,6.367177310510245
De Kwakel,52.21552339910146,4.7493346
De Wilp,53.11812337709821,6.270745531445307
De Zilk,52.30630846470466,4.543571474702137
Deest,51.88949789912754,5.666025999999999
Delwijnen,51.76999929913981,5.187992999999999
Den Bosch,51.688935099148914,5.303104399999999
Den Dolder,52.1500629037558,5.240718378034038
Den Haag,52.07209319885644,4.293008557479155
Den Horn,53.22724890662269,6.453678591660009
Den Hout,51.6555119969896,4.807838772455699
Den Ilp,52.451019899089744,4.9088104
Diepenheim,52.19183049493466,6.576598595200002
Dinteloord,52.83330649908453,6.3669419
Dirkshorn,52.746908278954926,4.791921405806144
Doornenburg,51.89017999912747,6.0015114
Dorst,51.59269939916056,4.859965099999999
Dreischor,51.690098099160245,3.9806488
Dwingeloo,52.83330649908453,6.3669419
Echteld,51.905332098866936,5.488551857580792
Echten,52.87001313359121,5.800104858133234
Ederveen,52.05881435062694,5.583384274188681
Eefde,52.17098389910437,6.2269387
Eemdijk,52.25391429909911,5.329282699999999
Een,53.08358347607795,6.378904614417864
Eerbeek,52.10500179910905,6.066277299999999
Ees,53.33005609910501,6.104074699999999
Eethen,51.73567934785045,5.048708710358224
Egmond aan Zee,52.62211109908523,4.631131399999999
Egmond-Binnen,52.59473123153222,4.632943654901676
Elim,52.681609979946685,6.571864384833452
Ell,51.21300960105151,5.7886775014859335
Elp,52.90679219908554,6.636842299999999
Elshout,51.70349364579149,5.132457852084691
Elspeet,52.297128108055006,5.78645674205471
Emmer-Compascuum,52.82129259342189,7.061370612843684
Emst,52.33420959909479,5.9014098
Enter,52.30299529909636,5.0457648
Epse,52.222356578862936,6.214620700818275
Erica,52.70885389908428,6.926652699999999
Esbeek,51.46211859917764,5.1374926
Escharen,51.73451995041814,5.745143676747357
Est,51.85219889913123,5.3127923
Fijnaart,51.63789410876118,4.472791241998863
Fluitenberg,52.73875241008903,6.445496949095317
Froombosch,53.19641293431654,6.772272298028523
Gaanderen,51.93761595855948,6.360152489184892
Gapinge,51.54432409916669,3.6240929
Garmerwolde,53.25101502611819,6.660018215992675
Gasselternijveenschemond,53.007848899088096,6.8841845
Geerdijk,52.4796862811039,6.5632645981068105
Gellicum,51.87771759912869,5.155168199999999
Gemonde,51.615307592656194,5.364540870394108
Genemuiden,52.6110223143088,6.02265533799386
Giesbeek,51.99698279911773,6.0703053
Gieterveen,53.02771059908876,6.8426372
Gilze,51.55961705311997,4.918586138408035
Goedereede,51.818779499134656,3.9770696
Grashoek,51.3615632991918,5.940725199999999
Grijpskerk,53.266336198915816,6.302599251914989
Groeningen,51.61195282962467,5.996637063955927
Groet,52.72207500702358,4.670383366454962
Haalderen,51.88725197270551,5.927016491483923
Haarsteeg,51.714557134990194,5.199616342619784
Hagestein,51.981049599119096,5.122028399999999
Halle,52.57138769908624,5.626603499999999
Hank,51.71542740399549,4.84929985
Hansweert,51.43702598312828,4.003058482451593
Hapert,51.34645519799548,5.256584265381531
Harkema,53.184325099095695,6.1368138
Harskamp,52.14116520815881,5.807809977867898
Haulerwijk,53.058235560508784,6.33945803029155
Heenvliet,51.86124269913032,4.2409748
Heerjansdam,51.839662713133016,4.5726732195186175
Heeswijk-Dinther,51.65795494353705,5.487865173999492
Heide,50.92428595390167,5.997135013849469
Heijen,51.66784373829994,5.992137429849413
Heijningen,51.65950948677732,4.409606461966048
Heikant,51.25166579122818,4.010487044752586
Herkenbosch,51.15488959922354,6.0660056
Herwen,51.879598724832285,6.117902832061933
Heusden,51.69679369032876,5.160206185890861
Hierden,52.35637113754591,5.676532461375303
Hijken,52.90154427195159,6.483106475879773
Hindeloopen,52.94029449916994,5.4019649
Hippolytushoef,52.90576749908556,4.9608021
Hoef en Haag,51.9888741035923,5.119502079590729
Hollandscheveld,52.69672661310012,6.542379150702736
Holwerd,51.75758339471418,4.5562771778751445
Honselersdijk,52.00931689911667,4.2300007
Hoofdplaat,51.380300086472445,3.6475150494721222
Hoogersmilde,52.91220042932829,6.366385870650173
Hooghalen,52.92078839908584,6.5416331
Hoogland,53.175725499095215,5.7634995
Hooglanderveen,52.18766879910324,5.432311900000001
Hoogvliet Rotterdam,51.86528549912992,4.3641111
Horn,52.65327199908479,5.073580199999999
Houtigehage,53.1591132289768,6.175752201412226
Huis ter Heide,53.0176424776303,6.477213918372842
Hulshorst,52.360772099093495,5.7205644
Hulten,51.58074928997856,4.959621518578469
Hurdegaryp,53.21464617461351,5.952193330195943
Idsegahuizum,53.04402695174778,5.421788834120676
Ilpendam,52.46438852131424,4.962836870574889
Jirnsum,53.07089249502648,5.78384629212168
Jubbega,52.97928684939575,6.119397601677394
Kaag,52.19259157441046,4.629219963594454
Kapel Avezaath,51.88556872416731,5.353002363869007
Katlijk,52.93913103282789,6.026256950965172
Kerkenveld,52.66129588221633,6.496707902504875
Kesteren,51.93413484373822,5.573433676756788
Kilder,51.93680579912306,6.232591800000001
Klarenbeek,52.1711528929381,6.032609845551094
Kloetinge,51.498469399172734,3.913060600000001
Kloosterzande,51.36856343992605,4.059971529040406
Koog aan de Zaan,52.46190093789107,4.799872136725029
Kootstertille,53.220855687442224,6.093062028324188
Kootwijkerbroek,52.15135119910569,5.6631504
Krabbendijke,51.43056359918198,4.1116077
Krommenie,52.50686241942345,4.761534237711693
Kudelstaart,52.23481069910026,4.7480238
Kwintsheul,52.01528929911618,4.2555884
Lage Mierde,51.40562669880602,5.1446596239032845
Landhorst,51.61769449915744,5.7898257
Langbroek,52.00328390401217,5.3500394340995525
Langenboom,51.70510135607399,5.731328961749752
Lathum,51.9905214318703,6.035327546793749
Leersum,52.01026419911658,5.4332757
Leimuiderbrug,52.23114329910048,4.6696443
Lemelerveld,52.44537829601487,6.3343591775899135
Lengel,51.887767086465765,6.266953210670952
Lettele,52.2775315830436,6.276706607190657
Leunen,51.50036396068008,5.98409889983519
Lewedorp,51.49634029917301,3.7492772999999993
Lexmond,51.96316239912067,5.0364321
Lieren,52.16189149910497,5.987717700000001
Lieshout,51.51792979917014,5.595377099999999
Liessel,51.414773671464765,5.835101269305235
Limmen,52.56559876373812,4.697648084046779
Linden,51.74794908509718,5.817359671355981
Lippenhuizen,53.038448735339486,6.068379607032763
Lisserbroek,52.25665459909895,4.573199999999999
Loenen aan de Vecht,52.20982549910181,5.0215557
Loosdrecht,52.20051575678737,5.085109782627076
Lopikerkapel,51.99227877711913,5.044021335171848
Lottum,51.46192110807008,6.165803705925875
Lutjebroek,52.70303369908433,5.2080497
Lutten,52.61900743392,6.585078542278694
Maarsbergen,52.05736799911269,5.4034953
Maashees,51.5714649559116,6.028773300605657
Mariahout,51.54406168071232,5.570086579888059
Mariënheem,52.380093039382025,6.321582218319295
Marknesse,52.70449420984826,5.890352993086507
Marsum,53.21251691995481,5.719128236019814
Meedhuizen,53.29237331822617,6.921274024111591
Melick,51.1568636992232,6.013655399999999
Meteren,51.86367049913007,5.283534199999999
Meterik,51.45973743125999,6.012625786611912
Milheeze,51.51388556765001,5.793078467349402
Milsbeek,51.73267621712152,5.952817354973434
Moerdijk,51.66257341228818,4.53548862149948
Molenhoek,51.710052667961584,5.361417169604121
Molkwerum,52.90226088393734,5.39609991498978
Musselkanaal,52.95033863036996,7.004079976025506
Neerkant,51.3698344991906,5.8653454
Netersel,51.41338794605876,5.208281411799585
Nieuw Heeten,52.321973000310834,6.328161616400682
Nieuw-Amsterdam,52.373923099092885,4.891692399999999
Nieuw-Balinge,52.771602773338735,6.599129727777775
Nieuw-Buinen,52.95322256472479,6.925480142286205
Nieuw-Dordrecht,52.743350399445816,6.9621229226552375
Nieuw-Schoonebeek,52.64808490417333,6.992313850128636
Nieuw-Weerdinge,52.84559381998607,6.975574228972926
Nieuwdorp,52.074262699111394,4.3486264
Nieuwe Niedorp,52.7241096990842,4.893891499999999
Nieuwe Wetering,52.2144810784328,4.626343970952552
Nieuwendijk,52.37537419909284,4.8947456
Nieuwer Ter Aa,52.20099156997247,4.975104771836362
Nieuwkoop,52.15009469910578,4.7761706
Nieuwlande,52.702493055202176,6.638038696110074
Nijeholtpade,52.92122902208684,6.08769854190666
Nijkerkerveen,52.19447909285865,5.468236905239636
Nijland,53.053497342332086,5.585047857176115
Nispen,51.48548779917448,4.459997699999999
Noord-Sleen,52.78809529908422,6.8027886
Noordlaren,52.01117843880159,5.908581055783166
Noordwolde,52.8920031990853,6.142004499999999
Nuland,51.72767139914449,5.4339809
Odiliapeel,51.64106629813856,5.718762318027268
Oeffelt,51.69803309854005,5.933053630225682
Oentsjerk,53.2525800530756,5.889585980215881
Oijen,51.81416447826357,5.504953798680575
Oldeberkoop,52.939529130599645,6.131694741504258
Oldelamer,52.87542426974069,5.90884235
Oldemarkt,52.82540170046174,5.957288846208298
Ooij,51.85442669913101,5.9389526
Oost West en Middelbeers,51.49064091934864,5.259217697995198
Oosteind,52.35946018822004,4.901670551902687
Oostkapelle,51.57364007279597,3.5500165808858117
Opende,53.16807772215056,6.204942587361877
Oranjewoud,52.948861187791486,5.971624576939411
Ossenzijl,52.79759964651958,5.920027772001754
Ottersum,51.71039845507955,5.996362467904196
Oud Ade,52.18616998900691,4.560068094345684
Oud Gastel,51.58764739916119,4.459970199999999
Oud Zuilen,52.12714222965706,5.073125765419363
Oud-Vossemeer,51.57907970772693,4.1838540234615245
Ouddorp,51.81253529913529,3.9331936
Oude Wetering,52.214990199101486,4.645461299999999
Oudebildtzijl,53.29781029910272,5.7210204
Oudemirdum,52.82687704981546,5.529067677664725
Overdinkel,52.24098339533049,7.033521376782399
Overloon,51.574444103265606,5.931863985798323
Ovezande,51.428798199182246,3.8244515
Pernis Rotterdam,51.88403875375635,4.393898780028566
Pesse,52.79296526876838,6.426426402208994
Philippine,51.28117939920374,3.7578988
Plasmolen,51.74227669914286,5.932543299999999
Poeldijk,52.02251669911558,4.218242
Poortvliet,51.54561539916654,4.1447012
Punthorst,52.611003736722,6.271106693479063
Purmer,52.47921819801074,4.999832755547609
Purmerland,52.48359839908863,4.9268392
Randwijk,51.947221454529085,5.694364258888669
Rekken,52.09603340393771,6.721867244819818
Renesse,51.73154936795014,3.763046534033184
Renkum,51.98962577418396,5.784842355953787
Riel,51.51789477328971,5.000252223866963
Rijkevoort,51.66216446373058,5.88950732314956
Rijpwetering,52.194750951827416,4.590618134487572
Rijsenhout,52.25203119909922,4.6862216
Roosteren,51.08108161168103,5.814031235808819
Roswinkel,52.838910606278695,7.025236353172315
Rotstergaast,52.90875654029369,5.904212456358917
Rotsterhaule,52.91898105285805,5.855350181753366
Rottevalle,53.14485264204564,6.096275672058583
Rottum,53.383375896398896,6.623276608164375
Rouveen,52.612871839410325,6.160113183733476
Santpoort-Zuid,52.42057479909091,4.6357121
Sas van Gent,51.22778459921194,3.7999364
Schagerbrug,52.80767740021861,4.7495244855258525
Schaijk,51.74635099914239,5.6314653
Scharendijke,51.73289645716772,3.853517238955547
Schijf,51.496552975786194,4.538784779498349
Schoondijke,51.353167863453095,3.557844096773451
Schoonloo,52.894759266422525,6.707215838051348
Schoonoord,52.894759266422525,6.707215838051348
Schuinesloot,52.65293407190728,6.560634311249557
Serooskerke,51.54987729916598,3.5959453999999997
Siebengewald,51.651346559841954,6.07636098717466
Silvolde,51.90598520473809,6.402070872367077
Sint Jansteen,51.25413419920785,4.0389611
Sint Nicolaasga,52.92278989908588,5.7418549
Slagharen,52.62958621759249,6.5429111235075865
Sleen,52.76966991592696,6.789285786572595
Sleeuwijk,51.81492827042947,4.941032243775012
Sluiskil,51.27795109920423,3.8350654
Spaarndam gem. Haarlem,52.41666659909105,4.6759627
Spier,52.820386676447065,6.45819727432816
Spierdijk,52.648984399084846,4.941954499999999
Sprang-Capelle,51.67052579915109,5.025298299999999
Sprundel,51.5295392975052,4.607789665905491
St. Willebrord,51.5510219143085,4.587859580817821
St.-Annaparochie,53.27639419910127,5.654757
Stad aan 't Haringvliet,51.73972909914314,4.243347
Stampersgat,52.95241779908656,6.344113600000001
Sterksel,51.354656193238846,5.623327917964368
Stokkum,51.87941453326951,6.212592196480892
Surhuisterveen,53.17450601185851,6.160793969701476
Susteren,51.08505708146328,5.908216576356776
Swifterbant,52.57138769908624,5.626603499999999
Ter Apelkanaal,52.92008086328647,7.064889766963666
Terheijden,51.64579500447979,4.745287516930148
Terschuur,52.16540849910471,5.5194754
Tiendeveen,52.74697159908417,6.543262299999999
Tienhoven aan de Lek,51.95029683745318,4.942555704184567
Tjalleberd,53.00578958630836,5.942067545445828
Toldijk,52.04246703593552,6.226746341435225
Tonden,52.13541067210658,6.127572226449835
Tzum,53.15865619909435,5.563451399999999
Ugchelen,52.17048880617699,5.901128849277327
Ulft,51.89536675369017,6.36727586437215
Ulvenhout,51.55153894917228,4.787965649999999
Valthe,52.842659714624645,6.886856381348111
Valthermond,52.88001037008532,6.962394592401152
Veeningen,52.666347615797896,6.372210588943791
Velsen-Noord,52.45294283357411,4.613499129805984
Velsen-Zuid,52.45696485948497,4.668283309846667
Velserbroek,52.42279819909081,4.679901299999999
Vessem,52.38846309909226,4.6522852
Vierhouten,52.33210039909486,5.8295562
Vierlingsbeek,51.59277677657421,5.993264989795748
Vijfhuizen,52.35077889909396,4.6782318
Vinkel,51.70616089914693,5.473064999999999
Vinkenbuurt,52.58210977252461,6.363061862458962
Vlagtwedde,53.0261143990887,7.111761799999999
Vogelwaarde,51.32593229919702,3.9694814
Volkel,51.647420692205664,5.675284326333795
Vollenhove,52.67556381735231,5.970300134228841
Vortum-Mullem,51.62066109915708,5.9780337
Vrouwenparochie,53.28048439910153,5.7215112
Vrouwenpolder,51.57660199916257,3.6165776
Wachtum,52.72354999908422,6.747386100000001
Wagenberg,51.66355895323549,4.751024748558502
Wapenveld,52.43148959909048,6.072898
Wapse,52.8592651990848,6.2669921
Warnsveld,52.13780224943973,6.273978769291193
Wehl,51.96165798657829,6.201656262469266
Well,51.746556640934685,5.206781022656165
Wellerlooi,51.52928584278455,6.163791717428846
Wenum Wiesel,52.254207849857664,5.927076874296439
Westdorpe,51.23799465638595,3.8428146134213534
Westendorp,51.95070832121194,6.419059404198901
Westerhoven,51.33181928808782,5.405267535177377
Westzaan,52.46786849908915,4.7865005
Wier,53.25194079909967,5.623312000000001
Wijdenes,52.63629172220476,5.161142635980863
Wijk aan Zee,52.49161766891081,4.602262924918088
Wijster,52.807632364792674,6.521528826879639
Wildervank,53.06680660184981,6.8606751787046685
Wilhelminaoord,50.85184633620568,5.695812035381867
Wilsum,52.08459419911059,4.338006099999999
Winterswijk Kotten,51.93883928704428,6.771562137157098
Woerdense Verlaat,52.15273372438267,4.861153232918546
Wolfheze,52.00567169911698,5.792394399999999
Wolphaartsdijk,51.52855101891233,3.797000746700182
Wons,53.08282960421773,5.422435319754059
Wormerveer,52.49522179908826,4.7876566
Wouwse Plantage,51.479341286513225,4.397774522046194
Zaandijk,52.46927909908911,4.8051566
Zetten,51.91978009912466,5.723359100000001
Zieuwent,52.00258729911724,6.515770899999999
Zoelmond,51.942283999122566,5.3110413
Zoutelande,51.501834799172265,3.4872245
Zuiderwoude,52.43785829909023,5.0704805
Zuidlaren,53.08760826199971,6.698075937203554
Zuidoostbeemster,52.51899449269289,4.935871405046743
Zwaag,52.67167679908458,5.058052299999999
Zwaanshoek,52.31541094683528,4.622601361124005
Zwanenburg,52.38049319909259,4.709666699999999
Zwartebroek,52.17927865956095,5.51242606928473
Zwiggelte,52.88989829794374,6.589026579344945
de Wijk,51.975185799119615,5.337435
de Woude,52.54775605441037,4.765750768074902
Krewerd,53.354279,6.84856
Ternaard,53.380795,5.966191
Wilbertoord,51.654552,5.774541
't Loo Oldebroek,52.4318195741236,5.960080420900723
't Veld,52.36154059909345,4.8397511
't Zand,51.640582293800996,5.047539867249576
't Zandt,53.37372225550641,6.77239985475865
2e Exloërmond,52.907822299085595,6.9331992
Aadorp,52.375871753957576,6.627725156963902
Aalst,51.39712219918669,5.477883499999999
Aarlanderveen,52.141359599106394,4.7285521
Abbega,53.0185649585325,5.572297653132797
Abbenes,52.229146837125064,4.5970119479043055
Achlum,53.15366602164021,5.501469972136088
Achthuizen,51.68835159914897,4.2821415
Aerdt,51.898604053413955,6.071737330297799
Agelo,52.38766221847153,6.891279439230231
Akkrum,53.03174459908892,5.8362072
Aldeboarn,53.05059901901775,5.902089527187326
Aldtsjerk,53.26549239178395,5.877343186216264
Alem,51.787965599137884,5.3444265
Allingawier,53.04099770777451,5.451775048145361
Ambt Delden,52.26494628219647,6.670278390450808
America,51.437443,5.979714
Ammerstol,51.925542599124114,4.809503499999999
Andel,53.40345003859145,6.5190989969258295
Andelst,51.90738249912582,5.728852399999999
Anerveen,52.632360453718746,6.65159523331423
Angerlo,51.99532799911785,6.137023
Anloo,53.042578867580325,6.7000634737259395
Ansen,52.79252886317766,6.360894031235712
Arcen,51.476260999175715,6.178507699999999
Arriën,52.54395722314235,6.45672286944804
Arum,53.13006549909292,5.4757726
Asch,51.92945917638076,5.317597098967181
Austerlitz,52.0780009991111,5.316006799999999
Azewijn,51.8855984940498,6.303252455148149
Baak,52.0775401619576,6.232755892997959
Baarlo,51.33203048425541,6.08544447355503
Babberich,51.90706472705997,6.124907889122687
Bad Nieuweschans,53.16806202075592,7.183864984411107
Bakhuizen,52.86826750427766,5.450437707840774
Bakkeveen,53.08674752561725,6.287846243809101
Balinge,52.771602773338735,6.599129727777775
Banholt,50.790202699287256,5.8096799
Bant,52.771154774415066,5.757558437238938
Barger-Compascuum,52.75484869908417,7.0305047
Beerta,53.16580652129775,7.109747768691296
Belt-Schutsloot,52.669485142363094,6.063394959518409
Bemelen,50.84477200644627,5.779287385976372
Benningbroek,52.70431879908432,5.0130447
Benschop,52.00901109911671,4.978901
Bentelo,52.217947985408635,6.687464821781055
Berg en Dal,51.77410219913937,5.9305385
Bergentheim,52.51956983960861,6.618915150838619
Berltsum,53.24284629909909,5.6484977999999995
Beugen,51.67384979915069,5.940010399999999
Biervliet,51.328491899196656,3.6854245999999993
Biezenmortel,51.60825670599452,5.184282409679628
Biggekerke,51.499307299172614,3.5258850999999996
Bitgummole,53.23501929909862,5.7073681
Bleskensgraaf ca,51.86868334935693,4.76748057371468
Blitterswijck,51.52677471381835,6.113976492756347
Boazum,53.09193515511836,5.697105358334942
Bocholtz,50.817233124529295,6.00083213162864
Boelenslaan,53.16245412755504,6.147719667362257
Boerakker,53.188383170397636,6.328784349299739
Boesingheliede,52.36165739909346,4.7233995
Boijl,52.90773999911444,6.203234999999999
Boksum,53.17810599909536,5.7301533
Bontebok,52.95641559512947,6.026012411866761
Born,52.301828699096454,6.750239499999999
Bornerbroek,52.31216980627051,6.655547679959121
Bourtange,53.00889307571161,7.185331354582491
Bovensmilde,52.98352038079001,6.463111867202173
Breskens,51.40664879918534,3.5114364
Briltil,53.23304938131398,6.396426653190308
Broekhuizenvorst,51.49583869917307,6.156640599999999
Broeksterwâld,53.27346685121026,5.98352
Bronneger,52.944181891065064,6.810255290822672
Brucht,52.546518260512585,6.6148007848208845
Buchten,51.04216929924222,5.8107423
Burgerbrug,52.75309997385947,4.695531389138721
Burgerveen,52.24160102218562,4.676990340184495
Burgwerd,51.98357984498061,4.124580199171774
Burum,53.275175408672155,6.228552907623029
Casteren,51.4027316664184,5.238592810987397
Creil,52.76833130357701,5.565881943345177
Cruquius,52.369082804986796,4.9394460156530515
Daarlerveen,52.44041010653769,6.581684506700352
Dalerpeel,52.68775067258467,6.666014447228097
Dalerveen,52.68912239091334,6.812024048927908
Darp,52.77670508592546,6.2057650170732215
De Cocksdorp,53.15009809366024,4.874540025803601
De Falom,53.26169652579048,5.998995877770701
De Heen,51.61105753048147,4.252795362125218
De Heurne,51.901895982210135,6.5036003970881895
De Hoeve,52.885022999127116,6.106747199999999
De Klomp,52.04696439911355,5.573391899999999
De Mortel,51.541287227106906,5.72420534204519
De Rips,51.55079009916587,5.8106171
De Veenhoop,53.08844761139201,5.970463389590085
De Westereen,53.254461857259145,6.037871748795648
De Wilgen,52.89350079559156,5.5732696761645455
Dedgum,53.021972589860205,5.495990791439362
Delfgauw,51.99297719911806,4.3933622
Delfstrahuizen,52.87654429908506,5.827580499999999
Den Hoorn,53.356102518403205,6.418811288892471
Den Velde,52.59442182259772,6.7020328089502685
Deurningen,52.301459028755275,6.855694050900185
Doezum,53.20419676184729,6.243134065319014
Donderen,53.091817868478635,6.539768072175355
Dongjum,53.20875909909706,5.543984199999999
Drachtstercompagnie,53.12706899966101,6.167621700000001
Drempt,52.02303159911551,6.1817381
Drieborg,53.23047059909834,7.207202200000001
Driehuis,52.44491019908997,4.6313341
Driehuizen,52.578550099086065,4.8065914
Driezum,53.29680999910265,6.0449212999999995
Drijber,52.785622448842304,6.552183159852744
Drogeham,53.20436341399992,6.115952896929961
Drogteropslagen,52.62162409930452,6.499553070168225
Dronryp,53.1939404990962,5.6452024
Drouwen,52.95150423939536,6.775734251284148
Drouwenermond,52.976593217385755,6.899240704337869
Duivendrecht,52.323479499095306,4.9365271
Earnewâld,53.13778205848806,5.942887909336322
Echtenerbrug,52.871915099084994,5.8217252
Eck en Wiel,51.969785199120096,5.458189499999999
Ee,53.33005609910501,6.104074699999999
Eelderwolde,53.178878136960435,6.535581008701599
Eeserveen,52.87658502864536,6.764726515694679
Eesveen,52.82895848972727,6.125460098172565
Eext,53.015964547465046,6.731225885294715
Egmond aan den Hoef,52.62839960224554,4.662511161788713
Ekehaar,52.949739417944436,6.593318208872344
Elahuizen,52.92790306140877,5.5478886284331885
Ellecom,52.03202419911478,6.0860126999999995
Elsendorp,51.58133079916198,5.7686983
Empe,52.15752239910527,6.143919199999999
Ens,51.79588119913704,4.6779351
Enspijk,51.88375069912811,5.2129943
Erlecom,51.84663783303668,5.959545329691948
Erm,52.74696773723888,6.8127549785560015
Espel,52.72672702442244,5.580436365678906
Feanwâlden,53.23719019909875,5.9944367
Feinsum,53.281080357682676,5.760631774558484
Finsterwolde,53.23515746641172,7.112091615773725
Fleringen,52.37735558208688,6.8036633421703625
Follega,52.883979516266095,5.7208403082008195
Foxhol,53.16890362059815,6.713777989280085
Frieschepalen,53.10848930975305,6.211975868662485
Gaastmeer,52.968176582618085,5.526664152187868
Galder,51.522265699169566,4.745433399999999
Garyp,53.16662419909475,5.969142400000001
Gasselternijveen,52.99161083741428,6.843022124479843
Gauw,53.05559618649061,5.718398619163965
Geersdijk,51.56297373030451,3.7585566178391794
Geesbrug,52.736862204844485,6.6201871240078844
Gerkesklooster,53.2578128576573,6.221106216008245
Goutum,53.17851969643387,5.803915083313469
Graauw,51.327070992346975,4.098226546071609
Groenekan,52.11402551581234,5.171300033270251
Groessen,51.928303366975086,6.026277078717154
Grootschermer,52.58276629908599,4.8499324
Gytsjerk,53.242224099099055,5.8904824
Haaften,51.825225300579596,5.20514596881638
Haarle,52.35298292369057,6.386161135161548
Haarlo,52.10773271363063,6.570578916591057
Haghorst,51.50086989316891,5.211187308236431
Haler,51.19087393719863,5.776763571469805
Handel,52.0402654991141,4.5110285
Harbrinkhoek,52.384859280565905,6.718450100528797
Haringhuizen,52.76842890203668,4.830376038058561
Harkstede,53.21581751786613,6.704056220949368
Harreveld,51.981625786157075,6.508675010173833
Haskerdijken,53.01508005573054,5.868741062242419
Hattemerbroek,52.479762260726375,6.011804520941096
Haule,53.032541035748935,6.2803391726889535
Hauwert,52.70832100787778,5.1007141035147185
Heeg,52.97214136846395,5.592201941107636
Heelsum,51.98320299911891,5.755376099999999
Heesbeen,51.730415469642764,5.115120143852539
Heesselt,51.81366379913518,5.346616799999999
Heeten,52.332195003775865,6.2801237889870025
Hegebeintum,53.32591649910473,5.8519391999999995
Hei- en Boeicop,51.94710729912213,5.0709168
Heibloem,51.301184799200705,5.8952656999999995
Heilig Landstichting,51.817109899134806,5.891686699999999
Heiligerlee,53.15686909909425,7.002671
Heinenoord,51.823598699134145,4.527402099999999
Hem,52.659742490251155,5.184067755921925
Hemelum,52.883739006597395,5.461019586476156
Hempens,53.17629802821968,5.842140989273086
Hemrik,53.03539207309162,6.1429157364055005
Hengevelde,52.20335895407107,6.636314401825966
Hensbroek,52.65344814318505,4.895868538688546
Heukelom,52.34243682311663,4.881740415511021
Hobrede,52.5454062049175,4.9855150866158695
Hoek,51.30529169920011,3.790712299999999
Hoenderloo,52.117696599108115,5.876250000000001
Hoge Hexel,52.39633376872022,6.552634732699702
Hollandsche Rading,52.17820499910385,5.1773424
Hollum,53.44016489911394,5.6334744
Holthees,51.578040394895154,6.005062854405303
Hoog Soeren,52.212232974397715,5.862399468509044
Hoogeloon,51.39956066427619,5.271955340970743
Hoornsterzwaag,53.01187329934201,6.145523799999999
Huisseling,51.784560792872554,5.638302723881623
Hummelo,52.00537909911701,6.2350264
Hunsel,51.18783918931528,5.811773208982052
IJhorst,52.65027283920225,6.299638924715726
IJlst,53.008752050862924,5.627461029224143
Idskenhuizen,52.92644109751752,5.707357166494296
Indijk,52.948900187470535,5.603452181896988
Ingelum,53.22586639909806,5.716431099999999
Ingen,51.96236263062025,5.481222799879235
Jistrum,53.213013699097296,6.0638845
Joppe,52.2083684991019,6.2310317
Kalenberg,52.78132946774939,5.959383793060774
Kamerik,52.11127409910858,4.893553299999999
Kamperland,51.568002799163665,3.7017098999999996
Kamperveen,52.5134959990877,5.9607558
Kerk-Avezaath,51.901760586266484,5.376788755623544
Kerkwerve,51.68623539914926,3.8983194
Kiel-Windeweer,53.11204582339643,6.774238236180979
Kinderdijk,51.88869549912764,4.635697199999999
Klazienaveen-Noord,52.72539299908421,6.985207199999999
Klijndijk,52.83047083986832,6.854942880955764
Kloosterhaar,52.50756991092398,6.683181724900839
Koekange,52.70170087526573,6.328419495913639
Kolham,53.18216899909556,6.744625799999999
Kolhorn,52.79294567919618,4.894102058139236
Kollumerzwaag,53.26597575670478,6.0706591929822675
Koningsbosch,51.05242699924048,5.956671399999999
Koningslust,51.356518099192556,5.9950945
Kornhorn,53.1794511327158,6.2441914257433995
Kornwerderzand,53.07350726414843,5.332820087200334
Koudum,52.918301211511576,5.455987583392511
Kraggenburg,52.64929854695883,5.922165484889849
Kronenberg,51.414845799342544,5.9860738319222575
Kropswolde,53.14137873833633,6.713589810954532
Kruisland,51.57208771131033,4.402231855774662
Kuinre,52.79810248996688,5.83782698491982
Laag Zuthem,52.459231080891406,6.181816177042508
Laag-Soeren,52.084539999110596,6.0742
Lage Zwaluwe,51.70830039914669,4.7034908
Lamswaarde,51.3422335219053,4.05334060214903
Langerak,51.930286744992145,4.905560702359241
Langeveen,52.458817019132645,6.725402937806432
Langeweg,51.822333299134264,4.2477447
Langweer,52.96535962976281,5.714252268441907
Lemele,52.457775753695785,6.413732506808666
Lepelstraat,51.55216365271888,4.263918639208883
Leuth,51.84384779800069,5.9894379166195675
Liempde,51.57216989916313,5.3584822
Lievelde,52.01285259911637,6.574957699999999
Lijnden,52.345393999094235,4.763946999999999
Linde,52.63458919299932,6.469297369423117
Lomm,51.454338119285055,6.19284985945767
Loo,52.23369681863883,5.946427779244752
Loon,51.640582293800996,5.047539867249576
Loosbroek,51.67989809914999,5.5095561
Luinjeberd,53.00513675623016,5.919768405063246
Lutjegast,53.2383754431828,6.257355844238985
Lutjewinkel,52.77371780842655,4.888657482506906
Luttelgeest,52.753212099147476,5.85096975191385
Luttenberg,52.3963808990919,6.359753800000001
Luxwoude,53.00197777645566,5.994627869700905
Maarheeze,51.31211589919908,5.615860399999999
Maartensdijk,52.15827599910521,5.173144299999999
Maasdijk,51.95698080265016,4.212484520875597
Macharen,51.80054467918033,5.538947866880254
Makkinga,52.982236199087346,6.2171886999999995
Makkum,53.00537118010173,5.294080126957147
Manderveen,52.4491716987915,6.782260129819254
Mantgum,53.12780321973195,5.719725406217325
Maren-Kessel,51.804149999136165,5.40195
Maria Hoop,51.089116899234305,5.970472499999999
Mariënberg,52.510244190559995,6.5818763476073645
Mariënvelde,52.01044146745978,6.478574981551236
Marrum,53.32355729910454,5.8017153
Meeuwen,51.72694927262112,5.009597066611718
Megchelen,51.84597022712159,6.382934628414795
Megen,51.81729760245324,5.563708152032882
Melderslo,51.46159119917771,6.085512
Merselo,51.531615094751594,5.921184050059156
Metslawier,53.35932119910726,6.0669173
Middelaar,51.747379014866354,5.899654976074707
Middenmeer,52.78819501890512,4.993810761083719
Midlaren,53.10834746387822,6.673987655186399
Midlum,53.18109267250696,5.424722791693481
Midwolde,53.19403198225919,6.387317483906443
Mildam,52.931962699086085,5.993929299999999
Minnertsga,53.251390399099634,5.594954199999999
Mirns,52.81105821881015,5.417425610693125
Moddergat,52.36570979909325,5.2210431999999996
Morra,53.36583050993033,6.093488618274092
Muiderberg,52.319045486500215,5.107970158498174
Munnekezijl,53.32129239048175,6.25859749083273
Munstergeleen,50.97749054951373,5.861032600054729
Mussel,52.95680009908665,7.0388205
Mûnein,53.2523883985021,5.92004706295575
Nagele,52.273402399097996,4.7394421
Nederasselt,51.773270699139466,5.7468049
Nes,53.447580799114604,5.774457
Niawier,53.36048920769141,6.04369536171536
Nibbixwoud,52.69037529908443,5.059948099999999
Nietap,53.16357734754653,6.411871690431701
Nieuw Annerveen,53.06938925739104,6.780502880832427
Nieuw Beerta,53.187169784325576,7.1648007562774785
Nieuw Namen,51.33946100337991,4.167874044667159
Nieuw- en Sint Joosland,51.48196959917494,3.6568838
Nieuw-Roden,53.12452655748975,6.383582196132565
Nieuwaal,51.80727999913584,5.1789736
Nieuwerbrug aan den Rijn,52.0778333991111,4.8192729
Nieuwerkerk,51.96752839912029,4.611677599999999
Nieuweroord,52.74970121820161,6.581684104058538
Nieuwland,52.702493055202176,6.638038696110074
Nieuwstadt,51.03581495908777,5.857485321668987
Nieuwvliet,51.38302829918871,3.4470824
Niftrik,51.79649659913696,5.6700821999999995
Nij Beets,53.06639525332309,5.988404720016813
Nijeberkoop,52.95628704914817,6.18942955
Nijensleek,52.841184077730986,6.156761093814885
Nisse,51.44838623689893,3.851294137682413
Nistelrode,51.70123192777984,5.561137684655522
Noardburgum,53.223126421817746,6.003507574723492
Noordbeemster,52.577157595326405,4.9572909054061185
Noordbroek,53.19260829909614,6.8740815
Noordeinde,52.0808162989663,4.306357310325124
Noorden,52.169041177307236,4.835641160437929
Noordhoek,52.26166799909867,4.7730262
Noordscheschut,52.71933129697507,6.533864465913969
Nuis,53.15314648899786,6.300576484569648
Obbicht,51.021817983639195,5.779180693674286
Odoornerveen,52.84200637181401,6.807831386476051
Oene,52.34513712674846,6.055429977715234
Ohé en Laak,51.11345438100148,5.826576749568236
Oirlo,51.50921483143178,6.036949573634989
Oldeholtpade,52.88879710625868,6.028269751801608
Oldetrijne,52.85387789909715,5.942329399999999
Ommeren,51.94634439912221,5.496066399999999
Onnen,53.15913619909437,6.643176399999999
Oosterbierum,53.23728494066717,5.509630625644552
Oosterblokker,52.67074829908461,5.0995444
Oosterhesselen,52.75322751576651,6.73001962231971
Oosterstreek,52.89933588050405,6.172498959342881
Oosterwijk,51.87902772433551,5.069527022554034
Oosterzee,52.87007299769038,5.7651415157661035
Oostknollendam,52.51722469908759,4.791982299999999
Oostrum,51.52558049916915,6.0325888999999995
Oostwold,53.21164273007274,7.041358036635034
Oostwoud,53.30147675553553,6.068277092309629
Opeinde,53.11815332871379,6.0475213227325915
Oploo,51.60728329915873,5.8738463
Orvelte,52.851352205022664,6.6819270506299775
Ospel,51.2980271992012,5.7835928
Ossendrecht,51.39506823554726,4.3353048583869995
Oude Niedorp,52.71898118607721,4.8811912076859265
Oudega,52.99244013268277,5.553282686367123
Oudehaske,52.9598922440408,5.865690882902179
Oudehorne,52.95824347310881,6.084611144902618
Oudemolen,53.0537703990897,6.6450657
Oudendijk,51.76257809914062,4.488154599999999
Oudeschans,52.371352171425166,4.904682662799614
Oudheusden,51.72048699995402,5.1262828969635414
Ouwerkerk,51.624967051321626,3.9879869333104927
Ouwsterhaule,52.93961077605083,5.8125873544637034
Overberg,52.03473616457906,5.502800509964257
Overlangel,51.7751391503162,5.671846600325217
Overschild,53.28206719910165,6.784906499999999
Overslag,51.21634147932352,3.9070456234267974
Paesens,53.402199697122036,6.0967667145859155
Parrega,53.01360778409121,5.469024197199496
Paterswolde,53.151464799093986,6.5659649
Peest,53.05490063852726,6.497429982560823
Peperga,52.854914099302654,6.036525043769718
Pingjum,53.115670652712986,5.4323139797994715
Radewijk,52.56935500143536,6.714699671795479
Radio Kootwijk,52.17705469910394,5.833571899999999
Ravenstein,51.79180166312936,5.650887407547334
Ravenswaaij,51.952590799121644,5.327615699999999
Reduzum,53.116809499092305,5.7824966
Reutum,52.382823360439424,6.844237028387005
Rheezerveen,52.571081328195106,6.539474810079566
Rhenoy,51.88397999912808,5.155116999999999
Rietmolen,52.15314356529687,6.649754260836419
Rijs,52.82053210339269,5.4767310306542685
Rinsumageast,53.29734859910269,5.948959899999999
Roderwolde,53.16905359909487,6.474285599999999
Roodeschool,53.41526465520576,6.781916813768918
Ruinerwold,52.73238973028488,6.2706406359024545
Rumpt,51.885758999127894,5.1762105
Rutten,52.65205199908481,4.793875500000001
Saasveld,52.32535409909521,6.7933211
Santpoort-Noord,52.42057479909091,4.6357121
Schalkhaar,52.289566007701566,6.216669865799379
Scharnegoutum,53.0658360034864,5.672906938923268
Scharsterbrug,52.94737229908642,5.7779589
Scharwoude,52.69250229908442,4.8107367
Scherpenisse,51.52822300596948,4.0991075918449935
Schildwolde,53.237222254063866,6.806148752024296
Schipborg,53.06618379452189,6.675983448789689
Sexbierum,53.21842309909763,5.485390699999999
Sibculo,52.48834455462046,6.655999402400725
Sibrandabuorren,53.067934799090246,5.721131599999999
Sibrandahûs,53.320517211073756,5.965827933655436
Siddeburen,53.24709539909936,6.8644944
Siegerswoude,53.08639248879263,6.2286281668389325
Sijbekarspel,52.70988446907934,4.99991862385895
Sint Hubert,51.68586041317066,5.768036818173755
Sint Jansklooster,52.68149705984097,6.013072178289998
Sint Joost,51.11721259922967,5.8994169
Sint Philipsland,51.614048277870104,4.1738718
Sint-Annaland,51.60106614165545,4.0934853237820175
Sint-Maartensdijk,51.548798999166124,4.0782993
Sintjohannesga,52.92465279908592,5.864338899999999
Sluis,51.3334821344085,3.523139215155824
Smakt,51.556081770063685,6.006058531481176
Soesterberg,52.12089939910788,5.283605699999999
Sondel,52.86431500991344,5.612498463993008
Spaarndam,52.41179278804174,4.703917656762064
Spankeren,52.06512833842928,6.110258813625125
Spijkerboor,53.07864471481537,6.769148918649754
Spui,52.368814038621665,4.889876374459638
Stavoren,52.89143547115971,5.299906827559095
Steenenkamer,52.244231144283205,6.147944133739138
Steggerda,52.855092153021104,6.07768635
Steyl,51.332234799196094,6.121215199999999
Stroe,52.18624469910332,5.692084200000001
Sumar,53.17894439909538,5.9975333
Surhuizum,53.20637191001958,6.189963743780837
Suwâld,53.18104089435275,5.912293548649394
Sweikhuizen,50.95406202102838,5.8500473155212305
Terband,52.99753521692419,5.903131464055764
Terherne,53.03846289319678,5.7878453288584435
Termunterzijl,53.30177882843122,7.048770138643947
Terwispel,53.040732499799645,6.03093475
Terwolde,52.28169289909753,6.0998824
Teuge,52.236852562275274,6.049755738035297
Tienhoven,52.168180299104534,5.081888999999999
Tinte,51.890884120460086,4.134939857760878
Tjerkwerd,53.04044640459669,5.505192321334784
Tolbert,53.18033997534336,6.35480905367172
Tolkamer,51.86552163688837,6.089178298259216
Tollebeek,52.68287896266123,5.6471480017271745
Tuil,51.82364559913415,5.240332999999999
Tuitjenhorn,52.73783021728669,4.755609752379908
Tuk,52.7964945792364,6.089323853723325
Tull en 't Waal,52.00170229911731,5.134100799999999
Twijzel,53.23850436639707,6.099127807671578
Twijzelerheide,53.23717404404098,6.0498836708431005
Tytsjerk,53.20906709909707,5.915373299999999
Tzummarum,53.23710029909874,5.546502499999999
Uddel,52.23547543123431,5.79498149013558
Uitwellingerga,53.00119498859167,5.7158392782930525
Ulestraten,50.90118809926689,5.772035799999999
Ulicoten,51.452188670301354,4.858352365968837
Ureterp,53.09187444874969,6.161482320432549
Varsselder,51.88815845388727,6.351932526531762
Vasse,52.424436141900244,6.830523673083
Veelerveen,53.05469769520955,7.142834347728498
Vegelinsoord,53.01747159908841,5.8558398
Velddriel,51.76821631030784,5.2965499380886465
Ven-Zelderheide,51.71224673598903,6.019963934193121
Venhorst,51.608103483628746,5.731549148565698
Veulen,51.478738879755426,5.956101117857482
Vijlen,50.78781159928772,5.9643838
Visvliet,53.2627794924268,6.258606536340775
Vledderveen,52.87662323599992,6.186910555050467
Vogelenzang,52.338322425941335,4.5919041331262855
Voorst,52.22567096037206,6.099063906225969
Vragender,51.988333399118474,6.6087683
Vredepeel,51.54276317811728,5.870480146759005
Vriescheloo,53.06821874496489,7.1127858294112905
Vuren,51.82469139913403,5.048155899999999
Wagenborgen,53.25950577582675,6.94097403127649
Walsoorden,51.40049983985122,4.008236889411983
Warffum,53.5386027414217,6.596820654006866
Warfstermolen,53.32060644019317,6.223964505577248
Warns,52.84670665762343,5.3516561768317565
Warstiens,53.16349984583737,5.870706667518193
Waskemeer,53.05107873657768,6.277949569826222
Watergang,52.42162289909086,4.948671099999999
Wehe-den Hoorn,53.356102518403205,6.418811288892471
Weidum,53.144186492981014,5.7454487298350365
Weiteveen,52.667944987287264,7.0051607058994705
Wekerom,52.102641733275355,5.705255589939247
Welsum,52.328861643546496,6.087591881294981
Wernhout,51.44204904267031,4.638455599886983
Wesepe,52.33306696959468,6.20408251386696
Wessem,51.162005899222365,5.881398399999999
West-Graftdijk,52.56394791678785,4.803363590441344
Westbeemster,52.541554799086946,4.8420363
Westbroek,52.15444070112687,5.1307106837001335
Westerbeek,51.57769813336563,5.86025182425736
Westerbroek,53.1831760218902,6.678345128485711
Westerhaar-Vriezenveensewijk,52.45311790868445,6.6267109430621245
Westerland,52.89302046699557,4.924584315066691
Westerlee,51.972919199119815,4.218583199999999
Westknollendam,52.513193599087714,4.7846223
Weteringbrug,52.22236519910101,4.6451007
Wezup,52.81894409537138,6.716133129429351
Wichmond,52.08462619455051,6.2601138900638365
Wierum,53.418499479671695,5.994435469605184
Wijnaldum,53.189737634238156,5.477568420736386
Wijnjewoude,53.05211748612029,6.194311276717069
Wilhelminadorp,51.53451383834871,3.8923666380287805
Wintelre,51.44660743902473,5.328707739355588
Winterswijk Henxel,51.98172572276731,6.75972023123675
Winterswijk Meddo,52.013497838291975,6.703359885833283
Winterswijk Miste,51.94098939016196,6.6654371038644475
Wirdum,53.1493976413691,5.799539515937664
Witharen,52.562657532423856,6.381212815912192
Witmarsum,53.099821359562604,5.4774085567999125
Witte Paarden,52.80867794193563,6.077132098449562
Witteveen,52.81717658567155,6.657933570840924
Wiuwert,53.10953301671789,5.696644117020874
Woltersum,53.271119299100924,6.7327923
Workum,52.97476636930978,5.400906367135822
Woubrugge,52.16960619910444,4.6392252
Woudsend,52.94172759908629,5.6293945
Wouw,51.51647259917034,4.385320199999999
Yerseke,51.49105546865706,4.019538293516649
Ysselsteyn,51.48511753478009,5.894250257535592
Zandberg,52.91447846916248,7.035123813149452
Zandeweer,53.38681067826075,6.675804146157142
Zandpol,52.691516535339666,6.862615992575903
Zeddam,51.90313193045217,6.253131146746475
Zegge,52.954066097455055,5.91273744354058
Zeijen,53.05921440709706,6.535354116185346
Zenderen,52.32317114380023,6.724626446695124
Zoelen,51.91049649912553,5.4037092
Zorgvlied,52.3358820230588,4.900255801250889
Zuidermeer,52.66665895205834,4.9749627859281675
Zuidschermer,52.58617996074842,4.77844349032456
Zwaagdijk-Oost,52.7064883990843,5.1477757
Zwaagdijk-West,52.7064883990843,5.1477757
Zwartemeer,52.70118087524929,7.039878941502401
de Hoef,52.20164019910231,4.8147637
de Lutte,52.31440934778978,6.9936396830831145
Aduard,53.256736,6.460560
Bornwird,53.334084,5.954007
Boarnwert,53.334084,5.954007
Burdaard,53.295040,5.878422
Evertsoord,51.403203,5.958604
Hidaard,53.079050,5.603002
Kimswerd,53.141907,5.438718
Kûbaard,53.118780,5.571471
Raard,53.325354,5.944951
Raerd,53.098364,5.759576